{
    "10/26/22 13:17:29": {
        "Start Time": "10/26/22 13:17:29",
        "Calculated Heat vs dll/dt Slope": -9.277640348244542e-05,
        "Calculated Adjustment": 0.0029566088549168035,
        "Total Reference Heater Setpoint": 30.0,
        "Total Reference Heater Readback": 30.0,
        "JT Valve Position": 40.0
    },
    "01/18/23 08:51:10": {
        "Start Time": "01/18/23 08:51:10",
        "Calculated Heat vs dll/dt Slope": -4.25326583676013e-05,
        "Calculated Adjustment": -0.0008460893995428081,
        "Total Reference Heater Setpoint": 68.06,
        "Total Reference Heater Readback": 68.06,
        "JT Valve Position": 57.87
    },
    "02/07/25 10:53:46": {
        "Start Time": "02/07/25 10:53:46",
        "Calculated Heat vs dll/dt Slope": null,
        "Calculated Adjustment": 0,
        "Total Reference Heater Setpoint": 48.0,
        "Total Reference Heater Readback": 48.0,
        "JT Valve Position": 34.3
    },
    "02/08/25 11:38:43": {
        "Start Time": "02/08/25 11:38:43",
        "Calculated Heat vs dll/dt Slope": -8.743954741200985e-05,
        "Calculated Adjustment": 0.00037940669398257333,
        "Total Reference Heater Setpoint": 48.0,
        "Total Reference Heater Readback": 48.0,
        "JT Valve Position": 40.0
    },
    "02/09/25 13:05:27": {
        "Start Time": "02/09/25 13:05:27",
        "Calculated Heat vs dll/dt Slope": -8.174374050765241e-05,
        "Calculated Adjustment": -0.0005167201209070804,
        "Total Reference Heater Setpoint": 48.0,
        "Total Reference Heater Readback": 48.0,
        "JT Valve Position": 35.8
    }
}