{
    "08/11/22 15:50:15": {
        "Start Time": "08/11/22 15:50:15",
        "Calculated Heat vs dll/dt Slope": -9.78997345735809e-05,
        "Calculated Adjustment": 0.004292309681437996,
        "Total Reference Heater Setpoint": 48.0,
        "Total Reference Heater Readback": 48.0,
        "JT Valve Position": 57.5
    },
    "11/17/22 17:15:22": {
        "Start Time": "11/17/22 17:15:22",
        "Calculated Heat vs dll/dt Slope": -9.855357615605219e-05,
        "Calculated Adjustment": 0.005033922594566923,
        "Total Reference Heater Setpoint": 48.0,
        "Total Reference Heater Readback": 48.0,
        "JT Valve Position": 52.0
    },
    "11/17/22 18:57:17": {
        "Start Time": "11/17/22 18:57:17",
        "Calculated Heat vs dll/dt Slope": -9.52618266832145e-05,
        "Calculated Adjustment": 0.004367658944862065,
        "Total Reference Heater Setpoint": 48.0,
        "Total Reference Heater Readback": 48.0,
        "JT Valve Position": 52.0
    },
    "01/17/23 10:53:38": {
        "Start Time": "01/17/23 10:53:38",
        "Calculated Heat vs dll/dt Slope": -3.638813926385074e-05,
        "Calculated Adjustment": -0.0023998379411675824,
        "Total Reference Heater Setpoint": 68.5,
        "Total Reference Heater Readback": 68.5,
        "JT Valve Position": 57.2
    },
    "02/07/25 10:55:56": {
        "Start Time": "02/07/25 10:55:56",
        "Calculated Heat vs dll/dt Slope": -0.0001032993495174738,
        "Calculated Adjustment": 0.0012490713675997606,
        "Total Reference Heater Setpoint": 48.0,
        "Total Reference Heater Readback": 48.0,
        "JT Valve Position": 49.3
    },
    "02/08/25 10:45:02": {
        "Start Time": "02/08/25 10:45:02",
        "Calculated Heat vs dll/dt Slope": -9.039401833247817e-05,
        "Calculated Adjustment": -0.0005704543355718131,
        "Total Reference Heater Setpoint": 48.0,
        "Total Reference Heater Readback": 48.0,
        "JT Valve Position": 46.0
    },
    "02/09/25 13:35:23": {
        "Start Time": "02/09/25 13:35:23",
        "Calculated Heat vs dll/dt Slope": -8.665366622040791e-05,
        "Calculated Adjustment": -0.00011936482311287328,
        "Total Reference Heater Setpoint": 48.0,
        "Total Reference Heater Readback": 48.0,
        "JT Valve Position": 49.0
    }
}