{
    "08/11/22 16:41:06": {
        "Start Time": "08/11/22 16:41:06",
        "Cavity Amplitudes": {
            "1": 16.6,
            "2": 16.6,
            "3": 16.6
        },
        "Calculated Adjusted Heat Load": 42.07559830976034,
        "Calculated Raw Heat Load": 88.35991678251405,
        "Calculated Adjustment": -46.28431847275371,
        "Calculated Q0": 18858932654.639477,
        "Calibration Used": "08/11/22 14:43:12"
    },
    "08/11/22 17:14:17": {
        "Start Time": "08/11/22 17:14:17",
        "Cavity Amplitudes": {
            "4": 16.6,
            "5": 16.6,
            "7": 16.2,
            "8": 16.1
        },
        "Calculated Adjusted Heat Load": 47.13273170686318,
        "Calculated Raw Heat Load": 93.38931817078132,
        "Calculated Adjustment": -46.25658646391814,
        "Calculated Q0": 21771242745.39244,
        "Calibration Used": "08/11/22 14:43:12"
    },
    "08/11/22 17:46:40": {
        "Start Time": "08/11/22 17:46:40",
        "Cavity Amplitudes": {
            "1": 16.6,
            "2": 16.6,
            "3": 16.6
        },
        "Calculated Adjusted Heat Load": 44.75817836068509,
        "Calculated Raw Heat Load": 90.14787368990959,
        "Calculated Adjustment": -45.389695329224494,
        "Calculated Q0": 17761672349.66134,
        "Calibration Used": "08/11/22 14:43:12"
    },
    "08/11/22 18:19:45": {
        "Start Time": "08/11/22 18:19:45",
        "Cavity Amplitudes": {
            "4": 16.6,
            "5": 16.6,
            "7": 16.2,
            "8": 16.1
        },
        "Calculated Adjusted Heat Load": 44.68461597276374,
        "Calculated Raw Heat Load": 89.67019497627582,
        "Calculated Adjustment": -44.985579003512086,
        "Calculated Q0": 22911384522.168564,
        "Calibration Used": "08/11/22 14:43:12"
    },
    "08/11/22 19:10:57": {
        "Start Time": "08/11/22 19:10:57",
        "Cavity Amplitudes": {
            "2": 16.6,
            "3": 16.6,
            "4": 16.6,
            "5": 16.6
        },
        "Calculated Adjusted Heat Load": 51.69404977625102,
        "Calculated Raw Heat Load": 97.48038047601722,
        "Calculated Adjustment": -45.7863306997662,
        "Calculated Q0": 20418827598.226303,
        "Calibration Used": "08/11/22 14:43:12"
    },
    "08/11/22 19:41:31": {
        "Start Time": "08/11/22 19:41:31",
        "Cavity Amplitudes": {
            "3": 16.6,
            "4": 16.6,
            "5": 16.6,
            "7": 16.2
        },
        "Calculated Adjusted Heat Load": 45.32866521314219,
        "Calculated Raw Heat Load": 89.77992591887589,
        "Calculated Adjustment": -44.4512607057337,
        "Calculated Q0": 22905343706.796272,
        "Calibration Used": "08/11/22 14:43:12"
    },
    "08/11/22 20:14:15": {
        "Start Time": "08/11/22 20:14:15",
        "Cavity Amplitudes": {
            "1": 16.6,
            "2": 16.6,
            "7": 16.2,
            "8": 16.1
        },
        "Calculated Adjusted Heat Load": 50.91517193921575,
        "Calculated Raw Heat Load": 97.01335735460769,
        "Calculated Adjustment": -46.09818541539194,
        "Calculated Q0": 20177606386.272354,
        "Calibration Used": "08/11/22 14:43:12"
    },
    "10/26/22 14:55:31": {
        "Start Time": "10/26/22 14:55:31",
        "Cavity Amplitudes": {
            "1": 16.6,
            "2": 16.6,
            "3": 16.6,
            "4": 16.6,
            "5": 16.6,
            "7": 16.2,
            "8": 16.1
        },
        "Calculated Adjusted Heat Load": 83.93322165604836,
        "Calculated Raw Heat Load": 113.48389179337254,
        "Calculated Adjustment": -29.550670137324175,
        "Calculated Q0": 21576585718.692307,
        "Calibration Used": "10/26/22 13:22:51"
    },
    "10/26/22 15:24:50": {
        "Start Time": "10/26/22 15:24:50",
        "Cavity Amplitudes": {
            "1": 16.6,
            "2": 16.6,
            "3": 16.6,
            "4": 16.6,
            "5": 16.6,
            "7": 16.2,
            "8": 16.1
        },
        "Calculated Adjusted Heat Load": 84.282801264245,
        "Calculated Raw Heat Load": 114.90709010300557,
        "Calculated Adjustment": -30.624288838760577,
        "Calculated Q0": 21469988412.89882,
        "Calibration Used": "10/26/22 13:22:51"
    },
    "02/07/25 12:52:19": {
        "Start Time": "02/07/25 12:52:19",
        "Cavity Amplitudes": {
            "1": 17.0,
            "2": 17.0,
            "3": 16.7,
            "4": 17.0,
            "5": 17.0,
            "6": 16.0,
            "7": 16.2,
            "8": 16.1
        },
        "Calculated Adjusted Heat Load": 101.5664317292661,
        "Calculated Raw Heat Load": 101.66340099166347,
        "Calculated Adjustment": -0.0969692623973657,
        "Calculated Q0": 21525855645.434757,
        "Calibration Used": "02/07/25 10:57:43"
    },
    "02/07/25 13:34:53": {
        "Start Time": "02/07/25 13:34:53",
        "Cavity Amplitudes": {
            "1": 16.6,
            "2": 16.6,
            "3": 16.6,
            "4": 16.6,
            "5": 16.6,
            "6": 16.0,
            "7": 16.2,
            "8": 16.1
        },
        "Calculated Adjusted Heat Load": 99.98232094912318,
        "Calculated Raw Heat Load": 99.05040428470737,
        "Calculated Adjustment": 0.9319166644158088,
        "Calculated Q0": 21302679154.964195,
        "Calibration Used": "02/07/25 10:57:43"
    },
    "02/08/25 13:40:29": {
        "Start Time": "02/08/25 13:40:29",
        "Cavity Amplitudes": {
            "1": 16.6,
            "2": 16.6,
            "3": 16.6,
            "4": 16.6,
            "5": 16.6,
            "6": 16.0,
            "7": 16.2,
            "8": 16.1
        },
        "Calculated Adjusted Heat Load": 114.5799235223812,
        "Calculated Raw Heat Load": 114.77354438588141,
        "Calculated Adjustment": -0.19362086350021457,
        "Calculated Q0": 18588695461.39808,
        "Calibration Used": "02/08/25 11:39:11"
    },
    "02/08/25 14:21:21": {
        "Start Time": "02/08/25 14:21:21",
        "Cavity Amplitudes": {
            "1": 16.6,
            "2": 16.6,
            "3": 16.6,
            "4": 16.6,
            "5": 16.6,
            "6": 16.0,
            "7": 16.2,
            "8": 16.1
        },
        "Calculated Adjusted Heat Load": 112.18741930313087,
        "Calculated Raw Heat Load": 112.52735781490574,
        "Calculated Adjustment": -0.339938511774875,
        "Calculated Q0": 18985117204.566864,
        "Calibration Used": "02/08/25 11:39:11"
    },
    "02/08/25 15:00:29": {
        "Start Time": "02/08/25 15:00:29",
        "Cavity Amplitudes": {
            "1": 16.6,
            "2": 16.6,
            "3": 16.6,
            "4": 16.6,
            "5": 16.6,
            "6": 16.0,
            "7": 16.2,
            "8": 16.1
        },
        "Calculated Adjusted Heat Load": 108.35181001747048,
        "Calculated Raw Heat Load": 108.69752352304306,
        "Calculated Adjustment": -0.34571350557257574,
        "Calculated Q0": 19657182505.805912,
        "Calibration Used": "02/08/25 11:39:11"
    },
    "02/09/25 15:13:41": {
        "Start Time": "02/09/25 15:13:41",
        "Cavity Amplitudes": {
            "1": 16.6,
            "2": 16.6,
            "3": 16.6,
            "4": 16.6,
            "5": 16.6,
            "6": 16.0,
            "7": 16.2,
            "8": 16.1
        },
        "Calculated Adjusted Heat Load": 98.93483959287423,
        "Calculated Raw Heat Load": 96.41404800460526,
        "Calculated Adjustment": 2.5207915882689633,
        "Calculated Q0": 21528223152.860214,
        "Calibration Used": "02/09/25 13:28:12"
    },
    "02/09/25 16:15:25": {
        "Start Time": "02/09/25 16:15:25",
        "Cavity Amplitudes": {
            "1": 16.6,
            "2": 16.6,
            "3": 16.6,
            "4": 16.6,
            "5": 16.6,
            "6": 16.0,
            "7": 16.2,