{
    "07/25/22 17:31:13": {
        "Start Time": "07/25/22 17:31:13",
        "Cavity Amplitudes": {
            "1": 16.6,
            "2": 16.6,
            "3": 16.6,
            "4": 16.6
        },
        "Calculated Adjusted Heat Load": 139.89869307338722,
        "Calculated Raw Heat Load": 66.09444122508673,
        "Calculated Adjustment": 73.80425184830048,
        "Calculated Q0": 7577005165.055178,
        "Calibration Used": "07/25/22 14:44:46"
    },
    "07/25/22 18:16:20": {
        "Start Time": "07/25/22 18:16:20",
        "Cavity Amplitudes": {
            "1": 16.6,
            "2": 16.6,
            "3": 16.6,
            "4": 16.6
        },
        "Calculated Adjusted Heat Load": 133.34849091700943,
        "Calculated Raw Heat Load": 57.10817376874449,
        "Calculated Adjustment": 76.24031714826492,
        "Calculated Q0": 7973013429.609949,
        "Calibration Used": "07/25/22 14:44:46"
    },
    "07/25/22 19:14:24": {
        "Start Time": "07/25/22 19:14:24",
        "Cavity Amplitudes": {
            "1": 16.6,
            "2": 16.6,
            "3": 16.6,
            "4": 16.6
        },
        "Calculated Adjusted Heat Load": 61.578814415397865,
        "Calculated Raw Heat Load": 59.59431604670959,
        "Calculated Adjustment": 1.9844983686882784,
        "Calculated Q0": 18381784454.08815,
        "Calibration Used": "07/25/22 14:44:46"
    },
    "07/25/22 20:11:07": {
        "Start Time": "07/25/22 20:11:07",
        "Cavity Amplitudes": {
            "5": 16.6,
            "6": 16.6
        },
        "Calculated Adjusted Heat Load": 58.174702336611574,
        "Calculated Raw Heat Load": 58.24793066974543,
        "Calculated Adjustment": -0.07322833313385502,
        "Calculated Q0": 9182105783.499851,
        "Calibration Used": "07/25/22 14:44:46"
    },
    "07/25/22 21:00:32": {
        "Start Time": "07/25/22 21:00:32",
        "Cavity Amplitudes": {
            "8": 16.6
        },
        "Calculated Adjusted Heat Load": 30.581637082489824,
        "Calculated Raw Heat Load": 29.92932930385665,
        "Calculated Adjustment": 0.6523077786331726,
        "Calculated Q0": 8753383029.562885,
        "Calibration Used": "07/25/22 14:44:46"
    },
    "07/26/22 09:53:01": {
        "Start Time": "07/26/22 09:53:01",
        "Cavity Amplitudes": {
            "7": 16.6
        },
        "Calculated Adjusted Heat Load": 33.29352609852472,
        "Calculated Raw Heat Load": 96.71634867116141,
        "Calculated Adjustment": -63.42282257263669,
        "Calculated Q0": 8001717391.140026,
        "Calibration Used": "07/26/22 08:08:16"
    },
    "07/26/22 10:52:45": {
        "Start Time": "07/26/22 10:52:45",
        "Cavity Amplitudes": {
            "7": 16.6
        },
        "Calculated Adjusted Heat Load": 33.60686446984549,
        "Calculated Raw Heat Load": 109.64457816536623,
        "Calculated Adjustment": -76.03771369552074,
        "Calculated Q0": 7922231022.549528,
        "Calibration Used": "07/26/22 08:08:16"
    },
    "10/25/22 21:48:26": {
        "Start Time": "10/25/22 21:48:26",
        "Cavity Amplitudes": {
            "1": 16.6,
            "2": 16.6,
            "3": 16.6,
            "4": 16.6,
            "7": 16.6,
            "8": 16.6
        },
        "Calculated Adjusted Heat Load": 69.38378481769271,
        "Calculated Raw Heat Load": 119.18436375414592,
        "Calculated Adjustment": -49.800578936453206,
        "Calculated Q0": 23143982189.44329,
        "Calibration Used": "10/25/22 14:27:49"
    },
    "10/25/22 22:10:01": {
        "Start Time": "10/25/22 22:10:01",
        "Cavity Amplitudes": {
            "1": 16.6,
            "2": 16.6,
            "3": 16.6,
            "4": 16.6,
            "7": 16.6,
            "8": 16.6
        },
        "Calculated Adjusted Heat Load": 64.62197130222131,
        "Calculated Raw Heat Load": 115.95588836955834,
        "Calculated Adjustment": -51.333917067337026,
        "Calculated Q0": 24884429961.187572,
        "Calibration Used": "10/25/22 14:27:49"
    },
    "02/07/25 12:43:41": {
        "Start Time": "02/07/25 12:43:41",
        "Cavity Amplitudes": {
            "1": 15.6,
            "2": 16.6,
            "3": 16.6,
            "4": 17.0,
            "5": 17.0,
            "6": 17.0,
            "7": 17.0,
            "8": 17.0
        },
        "Calculated Adjusted Heat Load": 87.42789043951342,
        "Calculated Raw Heat Load": 88.26070400984203,
        "Calculated Adjustment": -0.8328135703286108,
        "Calculated Q0": 25311429682.919918,
        "Calibration Used": "02/07/25 10:57:46"
    },
    "02/07/25 13:25:52": {
        "Start Time": "02/07/25 13:25:52",
        "Cavity Amplitudes": {
            "1": 15.6,
            "2": 16.6,
            "3": 16.6,
            "4": 17.0,
            "5": 17.0,
            "6": 17.0,
            "7": 17.0,
            "8": 17.0
        },
        "Calculated Adjusted Heat Load": 87.27312265238183,
        "Calculated Raw Heat Load": 88.03046590123387,
        "Calculated Adjustment": -0.7573432488520382,
        "Calculated Q0": 25356316285.371006,
        "Calibration Used": "02/07/25 10:57:46"
    },
    "02/08/25 13:18:47": {
        "Start Time": "02/08/25 13:18:47",
        "Cavity Amplitudes": {
            "1": 15.6,
            "2": 16.6,
            "3": 16.6,
            "4": 16.6,
            "5": 16.6,
            "6": 16.6,
            "7": 16.6,
            "8": 16.6
        },
        "Calculated Adjusted Heat Load": 97.89051204503794,
        "Calculated Raw Heat Load": 100.34313600874307,
        "Calculated Adjustment": -2.452623963705136,
        "Calculated Q0": 21927781296.5454,
        "Calibration Used": "02/08/25 11:39:35"
    },
    "02/08/25 13:54:37": {
        "Start Time": "02/08/25 13:54:37",
        "Cavity Amplitudes": {
            "1": 15.6,
            "2": 16.6,
            "3": 16.6,
            "4": 16.6,
            "5": 16.6,
            "6": 16.6,
            "7": 16.6,
            "8": 16.6
        },
        "Calculated Adjusted Heat Load": 97.36387421887873,
        "Calculated Raw Heat Load": 97.45468717854477,
        "Calculated Adjustment": -0.09081295966603875,
        "Calculated Q0": 22046387906.719383,
        "Calibration Used": "02/08/25 11:39:35"
    },
    "02/08/25 14:29:00": {
        "Start Time": "02/08/25 14:29:00",
        "Cavity Amplitudes": {
            "1": 15.6,
            "2": 16.6,
            "3": 16.6,
            "4": 16.6,
            "5": 16.6,
            "6": 16.6,
            "7": 16.6,
            "8": 16.6
        },
        "Calculated Adjusted Heat Load": 96.3123653804342,
        "Calculated Raw Heat Load": 97.11533378253328,
        "Calculated Adjustment": -0.8029684020990828,
        "Calculated Q0": 22287083601.899574,
        "Calibration Used": "02/08/25 11:39:35"
    },
    "02/09/25 15:37:39": {
        "Start Time": "02/09/25 15:37:39",
        "Cavity Amplitudes": {
            "1": 15.6,
            "2": 16.6,
            "3": 16.6,
            "4": 0,
            "5": 16.6,
            "6": 16.6,
            "7": 16.6,
            "8": 16.6
        },
        "Calculated Adjusted Heat Load": 74.93480200022735,
        "Calculated Raw Heat Load": 75.92610929190145,
        "Calculated Adjustment": -0.9913072916741044,
        "Calculated Q0": 25011465954.179363,
        "Calibration Used": "02/09/25 13:28:17"
    },
    "02/09/25 16:18:07": {
        "Start Time": "02/09/25 16:18:07",
        "Cavity Amplitudes": {
            "1": 15.6,
            "2": 16.6,
            "3": 16.6,
            "4": 0,
            "5": 16.6,
            "6": 16.6,
            "7": 16.6,
            "8": 16.6
        },
        "Calculated Adjusted Heat Load": 75.246687464471,
        "Calculated Raw Heat Load": 75.92748767188816,
        "Calculated Adjustment": -0.680800207417164,
        "Calculated Q0": 24907797434.89449,