{
    "08/11/22 16:44:11": {
        "Start Time": "08/11/22 16:44:11",
        "Cavity Amplitudes": {
            "1": 16.6,
            "2": 16.6,
            "3": 16.6,
            "4": 16.6
        },
        "Calculated Adjusted Heat Load": 81.36169375518064,
        "Calculated Raw Heat Load": 130.21151050917902,
        "Calculated Adjustment": -48.84981675399838,
        "Calculated Q0": 13411817714.622993,
        "Calibration Used": "08/11/22 15:50:15"
    },
    "08/11/22 17:08:20": {
        "Start Time": "08/11/22 17:08:20",
        "Cavity Amplitudes": {
            "1": 16.6,
            "2": 16.6,
            "3": 16.6,
            "4": 16.6
        },
        "Calculated Adjusted Heat Load": 77.15074963377249,
        "Calculated Raw Heat Load": 120.77766845117,
        "Calculated Adjustment": -43.62691881739751,
        "Calculated Q0": 14128873928.32438,
        "Calibration Used": "08/11/22 15:50:15"
    },
    "08/11/22 17:45:50": {
        "Start Time": "08/11/22 17:45:50",
        "Cavity Amplitudes": {
            "5": 16.6,
            "6": 16.6
        },
        "Calculated Adjusted Heat Load": 38.2204927913301,
        "Calculated Raw Heat Load": 84.50208605391752,
        "Calculated Adjustment": -46.28159326258742,
        "Calculated Q0": 14274254055.9871,
        "Calibration Used": "08/11/22 15:50:15"
    },
    "08/11/22 18:18:11": {
        "Start Time": "08/11/22 18:18:11",
        "Cavity Amplitudes": {
            "5": 16.6,
            "6": 16.6
        },
        "Calculated Adjusted Heat Load": 31.06963118766312,
        "Calculated Raw Heat Load": 77.90855863472328,
        "Calculated Adjustment": -46.83892744706016,
        "Calculated Q0": 17547287981.171562,
        "Calibration Used": "08/11/22 15:50:15"
    },
    "08/11/22 19:22:41": {
        "Start Time": "08/11/22 19:22:41",
        "Cavity Amplitudes": {
            "7": 16.6
        },
        "Calculated Adjusted Heat Load": 26.689618686078404,
        "Calculated Raw Heat Load": 70.62790494559466,
        "Calculated Adjustment": -43.93828625951626,
        "Calculated Q0": 10208746856.480566,
        "Calibration Used": "08/11/22 15:50:15"
    },
    "08/11/22 20:19:17": {
        "Start Time": "08/11/22 20:19:17",
        "Cavity Amplitudes": {
            "7": 16.6
        },
        "Calculated Adjusted Heat Load": 29.882512029545893,
        "Calculated Raw Heat Load": 73.42326922533591,
        "Calculated Adjustment": -43.54075719579002,
        "Calculated Q0": 9118936406.059084,
        "Calibration Used": "08/11/22 15:50:15"
    },
    "08/11/22 21:27:58": {
        "Start Time": "08/11/22 21:27:58",
        "Cavity Amplitudes": {
            "8": 16.0
        },
        "Calculated Adjusted Heat Load": 24.96133106580315,
        "Calculated Raw Heat Load": 70.12831393613646,
        "Calculated Adjustment": -45.166982870333314,
        "Calculated Q0": 10142659018.54903,
        "Calibration Used": "08/11/22 15:50:15"
    },
    "08/12/22 14:49:44": {
        "Start Time": "08/12/22 14:49:44",
        "Cavity Amplitudes": {
            "8": 16.0
        },
        "Calculated Adjusted Heat Load": 22.612906232367067,
        "Calculated Raw Heat Load": 66.86287946744721,
        "Calculated Adjustment": -44.24997323508015,
        "Calculated Q0": 11198877801.125607,
        "Calibration Used": "08/11/22 15:50:15"
    },
    "11/17/22 23:12:37": {
        "Start Time": "11/17/22 23:12:37",
        "Cavity Amplitudes": {
            "1": 16.6,
            "2": 16.6,
            "3": 16.6,
            "4": 16.6,
            "5": 16.6,
            "6": 16.2,
            "7": 16.6,
            "8": 16.0
        },
        "Calculated Adjusted Heat Load": 75.20275370996028,
        "Calculated Raw Heat Load": 119.21878095655514,
        "Calculated Adjustment": -44.01602724659486,
        "Calculated Q0": 28536819796.610786,
        "Calibration Used": "11/17/22 18:57:17"
    },
    "11/17/22 23:41:30": {
        "Start Time": "11/17/22 23:41:30",
        "Cavity Amplitudes": {
            "1": 16.6,
            "2": 16.6,
            "3": 16.6,
            "4": 16.6,
            "5": 16.6,
            "6": 16.2,
            "7": 16.6,
            "8": 16.0
        },
        "Calculated Adjusted Heat Load": 70.01024281446385,
        "Calculated Raw Heat Load": 118.13880855501101,
        "Calculated Adjustment": -48.12856574054716,
        "Calculated Q0": 30653335062.947025,
        "Calibration Used": "11/17/22 18:57:17"
    },
    "02/07/25 12:36:56": {
        "Start Time": "02/07/25 12:36:56",
        "Cavity Amplitudes": {
            "1": 16.6,
            "2": 16.6,
            "3": 16.6,
            "4": 16.6,
            "5": 16.6,
            "6": 16.6,
            "7": 16.6,
            "8": 16.6
        },
        "Calculated Adjusted Heat Load": 81.9633959447368,
        "Calculated Raw Heat Load": 85.39386440175487,
        "Calculated Adjustment": -3.4304684570180655,
        "Calculated Q0": 26576984711.777264,
        "Calibration Used": "02/07/25 10:55:56"
    },
    "02/08/25 12:25:29": {
        "Start Time": "02/08/25 12:25:29",
        "Cavity Amplitudes": {
            "1": 16.6,
            "2": 16.6,
            "3": 16.6,
            "4": 16.6,
            "5": 16.6,
            "6": 16.6,
            "7": 16.6,
            "8": 16.6
        },
        "Calculated Adjusted Heat Load": 91.78735050181515,
        "Calculated Raw Heat Load": 91.82923155113899,
        "Calculated Adjustment": -0.04188104932383396,
        "Calculated Q0": 23732463232.01734,
        "Calibration Used": "02/08/25 10:45:02"
    },
    "02/08/25 13:05:13": {
        "Start Time": "02/08/25 13:05:13",
        "Cavity Amplitudes": {
            "1": 16.6,
            "2": 16.6,
            "3": 16.6,
            "4": 16.6,
            "5": 16.6,
            "6": 16.6,
            "7": 16.6,
            "8": 16.6
        },
        "Calculated Adjusted Heat Load": 95.22147114411986,
        "Calculated Raw Heat Load": 91.97783339989037,
        "Calculated Adjustment": 3.2436377442294884,
        "Calculated Q0": 22876562342.24369,
        "Calibration Used": "02/08/25 10:45:02"
    },
    "02/08/25 13:44:00": {
        "Start Time": "02/08/25 13:44:00",
        "Cavity Amplitudes": {
            "1": 16.6,
            "2": 16.6,
            "3": 16.6,
            "4": 16.6,
            "5": 16.6,
            "6": 16.6,
            "7": 16.6,
            "8": 16.6
        },
        "Calculated Adjusted Heat Load": 91.46196584662457,
        "Calculated Raw Heat Load": 90.84977852206397,
        "Calculated Adjustment": 0.612187324560594,
        "Calculated Q0": 23816893730.46653,
        "Calibration Used": "02/08/25 10:45:02"
    },
    "02/09/25 15:09:51": {
        "Start Time": "02/09/25 15:09:51",
        "Cavity Amplitudes": {
            "1": 16.6,
            "2": 16.6,
            "3": 16.6,
            "4": 16.6,
            "5": 16.6,
            "6": 16.6,
            "7": 16.6,
            "8": 16.6
        },
        "Calculated Adjusted Heat Load": 78.5820089066417,
        "Calculated Raw Heat Load": 79.44517906982198,
        "Calculated Adjustment": -0.8631701631802713,
        "Calculated Q0": 27720593444.44304,
        "Calibration Used": "02/09/25 13:35:23"
    },
    "02/09/25 15:47:25": {
        "Start Time": "02/09/25 15:47:25",
        "Cavity Amplitudes": {
            "1": 16.6,
            "2": 16.6,
            "3": 16.6,
            "4": 16.6,
            "5": 16.6,
            "6": 16.6,
            "7": 16.6,
            "8": 16.6
        },
        "Calculated Adjusted Heat Load": 82.57989893183742,
        "Calculated Raw Heat Load": 80.58966748215866,
        "Calculated Adjustment": 1.9902314496787596,
        "Calculated Q0": 26378573346.846165,
        "Calibration Used": "02/09/25 13:35:23"
    },
    "02/09/25 16:25:05": {
        "Start Time": "02/09/25 16:25:05",