{
    "08/02/22 21:36:16": {
        "Start Time": "08/02/22 21:36:16",
        "Cavity Amplitudes": {
            "1": 14.6,
            "2": 14.1,
            "3": 16.6,
            "4": 16.6
        },
        "Calculated Adjusted Heat Load": 77.33586029296112,
        "Calculated Raw Heat Load": 145.6519936955668,
        "Calculated Adjustment": -68.31613340260569,
        "Calculated Q0": 12336204474.512245,
        "Calibration Used": "08/02/22 17:21:19"
    },
    "08/03/22 18:53:41": {
        "Start Time": "08/03/22 18:53:41",
        "Cavity Amplitudes": {
            "1": 16.6,
            "2": 16.6,
            "3": 16.6,
            "4": 16.6
        },
        "Calculated Adjusted Heat Load": 86.07056669522096,
        "Calculated Raw Heat Load": 88.37820122668474,
        "Calculated Adjustment": -2.3076345314637763,
        "Calculated Q0": 12679155088.695967,
        "Calibration Used": "08/03/22 15:01:00"
    },
    "08/03/22 19:28:05": {
        "Start Time": "08/03/22 19:28:05",
        "Cavity Amplitudes": {
            "5": 16.6,
            "6": 16.6,
            "7": 16.6,
            "8": 16.6
        },
        "Calculated Adjusted Heat Load": 94.28316465543246,
        "Calculated Raw Heat Load": 96.91522762042763,
        "Calculated Adjustment": -2.6320629649951712,
        "Calculated Q0": 11583855849.922884,
        "Calibration Used": "08/03/22 15:01:00"
    },
    "08/03/22 20:01:26": {
        "Start Time": "08/03/22 20:01:26",
        "Cavity Amplitudes": {
            "5": 16.6,
            "6": 16.6,
            "7": 16.6,
            "8": 16.6
        },
        "Calculated Adjusted Heat Load": 77.75605723338043,
        "Calculated Raw Heat Load": 78.95059618333771,
        "Calculated Adjustment": -1.194538949957277,
        "Calculated Q0": 14045704491.68005,
        "Calibration Used": "08/03/22 15:01:00"
    },
    "08/03/22 20:34:53": {
        "Start Time": "08/03/22 20:34:53",
        "Cavity Amplitudes": {
            "1": 16.6,
            "2": 16.6,
            "3": 16.6,
            "4": 16.6
        },
        "Calculated Adjusted Heat Load": 88.83428903513638,
        "Calculated Raw Heat Load": 90.43037472283181,
        "Calculated Adjustment": -1.5960856876954352,
        "Calculated Q0": 12291060305.46254,
        "Calibration Used": "08/03/22 15:01:00"
    },
    "08/03/22 22:15:19": {
        "Start Time": "08/03/22 22:15:19",
        "Cavity Amplitudes": {
            "1": 16.6,
            "2": 16.6,
            "5": 16.6,
            "6": 16.6
        },
        "Calculated Adjusted Heat Load": 86.27099480862995,
        "Calculated Raw Heat Load": 136.07714603395848,
        "Calculated Adjustment": -49.806151225328534,
        "Calculated Q0": 12663195538.006634,
        "Calibration Used": "08/03/22 20:59:42"
    },
    "08/03/22 22:45:37": {
        "Start Time": "08/03/22 22:45:37",
        "Cavity Amplitudes": {
            "2": 16.6,
            "3": 16.6,
            "4": 16.6,
            "5": 16.6
        },
        "Calculated Adjusted Heat Load": 94.14352535552523,
        "Calculated Raw Heat Load": 136.94384545691176,
        "Calculated Adjustment": -42.80032010138653,
        "Calculated Q0": 11597754876.141901,
        "Calibration Used": "08/03/22 20:59:42"
    },
    "08/03/22 23:12:28": {
        "Start Time": "08/03/22 23:12:28",
        "Cavity Amplitudes": {
            "3": 16.6,
            "4": 16.6,
            "5": 16.6,
            "6": 16.6
        },
        "Calculated Adjusted Heat Load": 74.70725762759649,
        "Calculated Raw Heat Load": 114.59419948272074,
        "Calculated Adjustment": -39.88694185512425,
        "Calculated Q0": 14611311594.412876,
        "Calibration Used": "08/03/22 20:59:42"
    },
    "08/03/22 23:44:05": {
        "Start Time": "08/03/22 23:44:05",
        "Cavity Amplitudes": {
            "4": 16.6,
            "5": 16.6,
            "6": 16.6,
            "7": 16.6
        },
        "Calculated Adjusted Heat Load": 77.95603430425226,
        "Calculated Raw Heat Load": 124.54654953430226,
        "Calculated Adjustment": -46.59051523005,
        "Calculated Q0": 14006520036.04472,
        "Calibration Used": "08/03/22 20:59:42"
    },
    "08/04/22 00:14:00": {
        "Start Time": "08/04/22 00:14:00",
        "Cavity Amplitudes": {
            "3": 16.6,
            "4": 16.6,
            "7": 16.6,
            "8": 16.6
        },
        "Calculated Adjusted Heat Load": 76.425566125323,
        "Calculated Raw Heat Load": 121.20951134179424,
        "Calculated Adjustment": -44.78394521647124,
        "Calculated Q0": 14301310142.914085,
        "Calibration Used": "08/03/22 20:59:42"
    },
    "08/04/22 00:37:51": {
        "Start Time": "08/04/22 00:37:51",
        "Cavity Amplitudes": {
            "1": 16.6,
            "3": 16.6,
            "5": 16.6,
            "7": 16.6
        },
        "Calculated Adjusted Heat Load": 90.43788036798993,
        "Calculated Raw Heat Load": 131.7871907021861,
        "Calculated Adjustment": -41.349310334196176,
        "Calculated Q0": 12069309019.995977,
        "Calibration Used": "08/03/22 20:59:42"
    },
    "10/26/22 11:17:07": {
        "Start Time": "10/26/22 11:17:07",
        "Cavity Amplitudes": {
            "1": 16.6,
            "2": 16.6,
            "3": 16.6,
            "4": 16.6,
            "5": 16.6,
            "6": 16.6,
            "7": 16.6,
            "8": 16.6
        },
        "Calculated Adjusted Heat Load": 124.69559060251554,
        "Calculated Raw Heat Load": 157.26328733822166,
        "Calculated Adjustment": -32.56769673570612,
        "Calculated Q0": 17535240372.877464,
        "Calibration Used": "10/26/22 09:38:12"
    },
    "10/26/22 12:07:52": {
        "Start Time": "10/26/22 12:07:52",
        "Cavity Amplitudes": {
            "1": 16.6,
            "2": 16.6,
            "3": 16.6,
            "4": 16.6,
            "5": 16.6,
            "6": 16.6,
            "7": 16.6,
            "8": 16.6
        },
        "Calculated Adjusted Heat Load": 131.64895250714363,
        "Calculated Raw Heat Load": 155.40252493223082,
        "Calculated Adjustment": -23.75357242508717,
        "Calculated Q0": 16632702486.960114,
        "Calibration Used": "10/26/22 09:38:12"
    },
    "11/17/22 23:16:40": {
        "Start Time": "11/17/22 23:16:40",
        "Cavity Amplitudes": {
            "1": 16.1,
            "2": 16.6,
            "3": 16.6,
            "4": 16.6,
            "5": 16.6,
            "6": 16.6,
            "7": 16.6,
            "8": 16.6
        },
        "Calculated Adjusted Heat Load": 72.97065485879925,
        "Calculated Raw Heat Load": 117.98613994831153,
        "Calculated Adjustment": -45.01548508951228,
        "Calculated Q0": 29630867348.666443,
        "Calibration Used": "11/17/22 18:41:32"
    },
    "11/17/22 23:46:33": {
        "Start Time": "11/17/22 23:46:33",
        "Cavity Amplitudes": {
            "1": 16.1,
            "2": 16.6,
            "3": 16.6,
            "4": 16.6,
            "5": 16.6,
            "6": 16.6,
            "7": 16.6,
            "8": 16.6
        },
        "Calculated Adjusted Heat Load": 65.05326050133058,
        "Calculated Raw Heat Load": 114.86270116579723,
        "Calculated Adjustment": -49.80944066446665,
        "Calculated Q0": 33237131817.89218,
        "Calibration Used": "11/17/22 18:41:32"
    },
    "02/08/25 12:29:43": {
        "Start Time": "02/08/25 12:29:43",
        "Cavity Amplitudes": {
            "1": 16.6,
            "2": 16.6,
            "3": 16.6,
            "4": 16.6,
            "5": 16.6,
            "6": 16.6,
            "7": 16.6,
            "8": 16.6
        },
        "Calculated Adjusted Heat Load": 87.03077207280522,
        "Calculated Raw Heat Load": 87.84747892087579,
        "Calculated Adjustment": -0.8167068480705666,
        "Calculated Q0": 25029536899.04458,